{"cameraMode":{"drawMode":0,"name":"Shaded","section":"Shading Mode"},"sceneLighting":true,"audioPlay":false,"sceneViewState":{"showFog":true,"showMaterialUpdate":false,"showSkybox":true,"showFlares":true,"showImageEffects":true,"showParticleSystems":true},"in2DMode":false,"pivot":{"x":79.40410614013672,"y":32.586769104003909,"z":-172.23681640625},"rotation":{"x":-0.25221848487854006,"y":0.35970497131347659,"z":-0.10164323449134827,"w":-0.8925619125366211},"size":1028.60107421875,"orthographic":true}